Workbook

Sheet 總覽
A1: 股聲 OpenAI Ads 成效
A3: 曝光 | B3: =SUM(每則廣告!$G$2:$G$12) -> 12943
A4: 點擊 | B4: =SUM(每則廣告!$H$2:$H$12) -> 167
A5: 點擊率 | B5: =IFERROR(B4/B3,0) -> 0.012902727
A7: 資料區間 | B7: 2026-10-13 至 2026-10-15
A8: 投放地區 | B8: 台灣（100% 曝光）
A9: 備註 | B9: 10-15 為當日資料尚未結算；GA4 目前收不到 utm_source=openai，只有平台端點擊數。
A11: 工作表
A12: 意圖樹 | B12: 情境 → 意圖 → 廣告 A/B 版的點擊率
A13: 每則廣告 | B13: 每則廣告的原始曝光、點擊
A14: 裝置拆分 | B14: 各意圖在手機與桌機的點擊率
A15: 每日 | B15: 各意圖每日曝光、點擊
A17: 資料來源：OpenAI Ads API ad_account/insights，2026-10-15 匯出。STOCKVOICE_US_CONTEXT_CLICK_V5，2026-10-13 至 10-15；10-15 為當日資料尚未結算。藍字＝API 匯出原始數字，黑字＝公式。

Sheet 意圖樹
A1: 意圖 | B1: 層級 | C1: 曝光 | D1: 點擊 | E1: 點擊率 | F1: 曝光占比
A2: 股聲 STOCKVOICE_US_CONTEXT_CLICK_V5 | B2: 0 | C2: =SUM(每則廣告!$G$2:$G$12) -> 12943 | D2: =SUM(每則廣告!$H$2:$H$12) -> 167 | E2: =IFERROR(D2/C2,0) -> 0.012902727 | F2: =IFERROR(C2/$C$2,0) -> 1
A3: ├ 事件驅動：財報、大盤 | B3: 1 | C3: =SUMIFS(每則廣告!$G$2:$G$12,每則廣告!$B$2:$B$12,"事件驅動：財報、大盤") -> 2863 | D3: =SUMIFS(每則廣告!$H$2:$H$12,每則廣告!$B$2:$B$12,"事件驅動：財報、大盤") -> 50 | E3: =IFERROR(D3/C3,0) -> 0.017464198 | F3: =IFERROR(C3/$C$2,0) -> 0.22120065
A4: │ ├ G08 財報前後要不要進出 | B4: 2 | C4: =SUMIFS(每則廣告!$G$2:$G$12,每則廣告!$C$2:$C$12,"g08_before_after_earnings") -> 1969 | D4: =SUMIFS(每則廣告!$H$2:$H$12,每則廣告!$C$2:$C$12,"g08_before_after_earnings") -> 41 | E4: =IFERROR(D4/C4,0) -> 0.020822753 | F4: =IFERROR(C4/$C$2,0) -> 0.15212856
A5: │ │ ├ A 版「财报前后，哪些信息不一样？」 | B5: 3 | C5: =SUMIFS(每則廣告!$G$2:$G$12,每則廣告!$A$2:$A$12,"SV_G08_A_CLICK_V5") -> 1745 | D5: =SUMIFS(每則廣告!$H$2:$H$12,每則廣告!$A$2:$A$12,"SV_G08_A_CLICK_V5") -> 37 | E5: =IFERROR(D5/C5,0) -> 0.021203438 | F5: =IFERROR(C5/$C$2,0) -> 0.13482191
A6: │ │ └ B 版「股声：财报前后看各方怎么解读」 | B6: 3 | C6: =SUMIFS(每則廣告!$G$2:$G$12,每則廣告!$A$2:$A$12,"SV_G08_B_CLICK_V5") -> 224 | D6: =SUMIFS(每則廣告!$H$2:$H$12,每則廣告!$A$2:$A$12,"SV_G08_B_CLICK_V5") -> 4 | E6: =IFERROR(D6/C6,0) -> 0.017857143 | F6: =IFERROR(C6/$C$2,0) -> 0.017306652
A7: │ └ G10 大盤崩或過熱要不要先走 | B7: 2 | C7: =SUMIFS(每則廣告!$G$2:$G$12,每則廣告!$C$2:$C$12,"g10_market_panic_or_heat") -> 894 | D7: =SUMIFS(每則廣告!$H$2:$H$12,每則廣告!$C$2:$C$12,"g10_market_panic_or_heat") -> 9 | E7: =IFERROR(D7/C7,0) -> 0.010067114 | F7: =IFERROR(C7/$C$2,0) -> 0.069072085
A8: │ └ B 版「股声：慌的时候看SPY、QQQ多空」 | B8: 3 | C8: =SUMIFS(每則廣告!$G$2:$G$12,每則廣告!$A$2:$A$12,"SV_G10_B_CLICK_V5") -> 894 | D8: =SUMIFS(每則廣告!$H$2:$H$12,每則廣告!$A$2:$A$12,"SV_G10_B_CLICK_V5") -> 9 | E8: =IFERROR(D8/C8,0) -> 0.010067114 | F8: =IFERROR(C8/$C$2,0) -> 0.069072085
A9: ├ 已持有：要不要賣 | B9: 1 | C9: =SUMIFS(每則廣告!$G$2:$G$12,每則廣告!$B$2:$B$12,"已持有：要不要賣") -> 1402 | D9: =SUMIFS(每則廣告!$H$2:$H$12,每則廣告!$B$2:$B$12,"已持有：要不要賣") -> 22 | E9: =IFERROR(D9/C9,0) -> 0.015691869 | F9: =IFERROR(C9/$C$2,0) -> 0.1083211
A10: │ ├ G02 被套：撐、認賠或攤平 | B10: 2 | C10: =SUMIFS(每則廣告!$G$2:$G$12,每則廣告!$C$2:$C$12,"g02_hold_or_cut") -> 533 | D10: =SUMIFS(每則廣告!$H$2:$H$12,每則廣告!$C$2:$C$12,"g02_hold_or_cut") -> 10 | E10: =IFERROR(D10/C10,0) -> 0.018761726 | F10: =IFERROR(C10/$C$2,0) -> 0.041180561
A11: │ │ ├ A 版「被套之后，除了等回本还能怎么想？」 | B11: 3 | C11: =SUMIFS(每則廣告!$G$2:$G$12,每則廣告!$A$2:$A$12,"SV_G02_A_CLICK_V5") -> 26 | D11: =SUMIFS(每則廣告!$H$2:$H$12,每則廣告!$A$2:$A$12,"SV_G02_A_CLICK_V5") -> 1 | E11: =IFERROR(D11/C11,0) -> 0.038461538 | F11: =IFERROR(C11/$C$2,0) -> 0.0020088078
A12: │ │ └ B 版「股声：被套时看看多空各几位」 | B12: 3 | C12: =SUMIFS(每則廣告!$G$2:$G$12,每則廣告!$A$2:$A$12,"SV_G02_B_CLICK_V5") -> 507 | D12: =SUMIFS(每則廣告!$H$2:$H$12,每則廣告!$A$2:$A$12,"SV_G02_B_CLICK_V5") -> 9 | E12: =IFERROR(D12/C12,0) -> 0.017751479 | F12: =IFERROR(C12/$C$2,0) -> 0.039171753
A13: │ └ G04 賺很多要不要落袋 | B13: 2 | C13: =SUMIFS(每則廣告!$G$2:$G$12,每則廣告!$C$2:$C$12,"g04_take_profit") -> 869 | D13: =SUMIFS(每則廣告!$H$2:$H$12,每則廣告!$C$2:$C$12,"g04_take_profit") -> 12 | E13: =IFERROR(D13/C13,0) -> 0.013808976 | F13: =IFERROR(C13/$C$2,0) -> 0.067140539
A14: │ ├ A 版「赚了一倍，要不要先落袋？」 | B14: 3 | C14: =SUMIFS(每則廣告!$G$2:$G$12,每則廣告!$A$2:$A$12,"SV_G04_A_CLICK_V5") -> 636 | D14: =SUMIFS(每則廣告!$H$2:$H$12,每則廣告!$A$2:$A$12,"SV_G04_A_CLICK_V5") -> 11 | E14: =IFERROR(D14/C14,0) -> 0.017295597 | F14: =IFERROR(C14/$C$2,0) -> 0.04913853
A15: │ └ B 版「股声：落袋前看多空有没有变」 | B15: 3 | C15: =SUMIFS(每則廣告!$G$2:$G$12,每則廣告!$A$2:$A$12,"SV_G04_B_CLICK_V5") -> 233 | D15: =SUMIFS(每則廣告!$H$2:$H$12,每則廣告!$A$2:$A$12,"SV_G04_B_CLICK_V5") -> 1 | E15: =IFERROR(D15/C15,0) -> 0.0042918455 | F15: =IFERROR(C15/$C$2,0) -> 0.018002009
A16: └ 還沒買：要不要進場 | B16: 1 | C16: =SUMIFS(每則廣告!$G$2:$G$12,每則廣告!$B$2:$B$12,"還沒買：要不要進場") -> 8678 | D16: =SUMIFS(每則廣告!$H$2:$H$12,每則廣告!$B$2:$B$12,"還沒買：要不要進場") -> 95 | E16: =IFERROR(D16/C16,0) -> 0.010947223 | F16: =IFERROR(C16/$C$2,0) -> 0.67047825
A17: ├ G01 大漲後還能不能追 | B17: 2 | C17: =SUMIFS(每則廣告!$G$2:$G$12,每則廣告!$C$2:$C$12,"g01_buy_after_rally") -> 3460 | D17: =SUMIFS(每則廣告!$H$2:$H$12,每則廣告!$C$2:$C$12,"g01_buy_after_rally") -> 39 | E17: =IFERROR(D17/C17,0) -> 0.011271676 | F17: =IFERROR(C17/$C$2,0) -> 0.26732597
A18: │ ├ A 版「涨了这么多，是基本面还是情绪？」 | B18: 3 | C18: =SUMIFS(每則廣告!$G$2:$G$12,每則廣告!$A$2:$A$12,"SV_G01_A_CLICK_V5") -> 701 | D18: =SUMIFS(每則廣告!$H$2:$H$12,每則廣告!$A$2:$A$12,"SV_G01_A_CLICK_V5") -> 7 | E18: =IFERROR(D18/C18,0) -> 0.0099857347 | F18: =IFERROR(C18/$C$2,0) -> 0.05416055
A19: │ └ B 版「股声：追高前看各方当时怎么说」 | B19: 3 | C19: =SUMIFS(每則廣告!$G$2:$G$12,每則廣告!$A$2:$A$12,"SV_G01_B_CLICK_V5") -> 2759 | D19: =SUMIFS(每則廣告!$H$2:$H$12,每則廣告!$A$2:$A$12,"SV_G01_B_CLICK_V5") -> 32 | E19: =IFERROR(D19/C19,0) -> 0.011598405 | F19: =IFERROR(C19/$C$2,0) -> 0.21316542
A20: └ G06 身邊都在聊、怕錯過 | B20: 2 | C20: =SUMIFS(每則廣告!$G$2:$G$12,每則廣告!$C$2:$C$12,"g06_everyone_talking") -> 5218 | D20: =SUMIFS(每則廣告!$H$2:$H$12,每則廣告!$C$2:$C$12,"g06_everyone_talking") -> 56 | E20: =IFERROR(D20/C20,0) -> 0.010732081 | F20: =IFERROR(C20/$C$2,0) -> 0.40315228
A21: ├ A 版「群里都在买，他们看中了什么？」 | B21: 3 | C21: =SUMIFS(每則廣告!$G$2:$G$12,每則廣告!$A$2:$A$12,"SV_G06_A_CLICK_V5") -> 167 | D21: =SUMIFS(每則廣告!$H$2:$H$12,每則廣告!$A$2:$A$12,"SV_G06_A_CLICK_V5") -> 2 | E21: =IFERROR(D21/C21,0) -> 0.011976048 | F21: =IFERROR(C21/$C$2,0) -> 0.012902727
A22: └ B 版「股声：美股社群讨论热度看板」 | B22: 3 | C22: =SUMIFS(每則廣告!$G$2:$G$12,每則廣告!$A$2:$A$12,"SV_G06_B_CLICK_V5") -> 5051 | D22: =SUMIFS(每則廣告!$H$2:$H$12,每則廣告!$A$2:$A$12,"SV_G06_B_CLICK_V5") -> 54 | E22: =IFERROR(D22/C22,0) -> 0.010690952 | F22: =IFERROR(C22/$C$2,0) -> 0.39024956
A24: 說明
A25: 點擊率標綠門檻 | B25: 0.015
A26: 同一層依點擊率由高到低排；曝光不到 100 次的廣告樣本小，點擊率僅供參考。
A27: 點擊率＝點擊 ÷ 曝光；曝光占比＝該列曝光 ÷ 股聲總曝光。
A28: 資料來源：OpenAI Ads API ad_account/insights，2026-10-15 匯出。STOCKVOICE_US_CONTEXT_CLICK_V5，2026-10-13 至 10-15；10-15 為當日資料尚未結算。藍字＝API 匯出原始數字，黑字＝公式。

Sheet 每則廣告
A1: 廣告名稱 | B1: 情境 | C1: 廣告組 | D1: 意圖 | E1: 版本 | F1: 標題 | G1: 曝光 | H1: 點擊 | I1: 點擊率
A2: SV_G04_A_CLICK_V5 | B2: 已持有：要不要賣 | C2: g04_take_profit | D2: G04 賺很多要不要落袋 | E2: A | F2: 赚了一倍，要不要先落袋？ | G2: 636 | H2: 11 | I2: =IFERROR(H2/G2,0) -> 0.017295597
A3: SV_G04_B_CLICK_V5 | B3: 已持有：要不要賣 | C3: g04_take_profit | D3: G04 賺很多要不要落袋 | E3: B | F3: 股声：落袋前看多空有没有变 | G3: 233 | H3: 1 | I3: =IFERROR(H3/G3,0) -> 0.0042918455
A4: SV_G02_A_CLICK_V5 | B4: 已持有：要不要賣 | C4: g02_hold_or_cut | D4: G02 被套：撐、認賠或攤平 | E4: A | F4: 被套之后，除了等回本还能怎么想？ | G4: 26 | H4: 1 | I4: =IFERROR(H4/G4,0) -> 0.038461538
A5: SV_G08_A_CLICK_V5 | B5: 事件驅動：財報、大盤 | C5: g08_before_after_earnings | D5: G08 財報前後要不要進出 | E5: A | F5: 财报前后，哪些信息不一样？ | G5: 1745 | H5: 37 | I5: =IFERROR(H5/G5,0) -> 0.021203438
A6: SV_G01_B_CLICK_V5 | B6: 還沒買：要不要進場 | C6: g01_buy_after_rally | D6: G01 大漲後還能不能追 | E6: B | F6: 股声：追高前看各方当时怎么说 | G6: 2759 | H6: 32 | I6: =IFERROR(H6/G6,0) -> 0.011598405
A7: SV_G10_B_CLICK_V5 | B7: 事件驅動：財報、大盤 | C7: g10_market_panic_or_heat | D7: G10 大盤崩或過熱要不要先走 | E7: B | F7: 股声：慌的时候看SPY、QQQ多空 | G7: 894 | H7: 9 | I7: =IFERROR(H7/G7,0) -> 0.010067114
A8: SV_G01_A_CLICK_V5 | B8: 還沒買：要不要進場 | C8: g01_buy_after_rally | D8: G01 大漲後還能不能追 | E8: A | F8: 涨了这么多，是基本面还是情绪？ | G8: 701 | H8: 7 | I8: =IFERROR(H8/G8,0) -> 0.0099857347
A9: SV_G08_B_CLICK_V5 | B9: 事件驅動：財報、大盤 | C9: g08_before_after_earnings | D9: G08 財報前後要不要進出 | E9: B | F9: 股声：财报前后看各方怎么解读 | G9: 224 | H9: 4 | I9: =IFERROR(H9/G9,0) -> 0.017857143
A10: SV_G06_B_CLICK_V5 | B10: 還沒買：要不要進場 | C10: g06_everyone_talking | D10: G06 身邊都在聊、怕錯過 | E10: B | F10: 股声：美股社群讨论热度看板 | G10: 5051 | H10: 54 | I10: =IFERROR(H10/G10,0) -> 0.010690952
A11: SV_G06_A_CLICK_V5 | B11: 還沒買：要不要進場 | C11: g06_everyone_talking | D11: G06 身邊都在聊、怕錯過 | E11: A | F11: 群里都在买，他们看中了什么？ | G11: 167 | H11: 2 | I11: =IFERROR(H11/G11,0) -> 0.011976048
A12: SV_G02_B_CLICK_V5 | B12: 已持有：要不要賣 | C12: g02_hold_or_cut | D12: G02 被套：撐、認賠或攤平 | E12: B | F12: 股声：被套时看看多空各几位 | G12: 507 | H12: 9 | I12: =IFERROR(H12/G12,0) -> 0.017751479
A14: 資料來源：OpenAI Ads API ad_account/insights，2026-10-15 匯出。STOCKVOICE_US_CONTEXT_CLICK_V5，2026-10-13 至 10-15；10-15 為當日資料尚未結算。藍字＝API 匯出原始數字，黑字＝公式。

Sheet 裝置拆分
A1: 廣告組 | B1: 意圖 | C1: 裝置 | D1: 曝光 | E1: 點擊 | F1: 點擊率
A2: g08_before_after_earnings | B2: G08 財報前後要不要進出 | C2: 手機 | D2: 1905 | E2: 39 | F2: =IFERROR(E2/D2,0) -> 0.020472441
A3: g08_before_after_earnings | B3: G08 財報前後要不要進出 | C3: 桌機 | D3: 65 | E3: 2 | F3: =IFERROR(E3/D3,0) -> 0.030769231
A4: g10_market_panic_or_heat | B4: G10 大盤崩或過熱要不要先走 | C4: 手機 | D4: 820 | E4: 8 | F4: =IFERROR(E4/D4,0) -> 0.0097560976
A5: g10_market_panic_or_heat | B5: G10 大盤崩或過熱要不要先走 | C5: 桌機 | D5: 74 | E5: 1 | F5: =IFERROR(E5/D5,0) -> 0.013513514
A6: g02_hold_or_cut | B6: G02 被套：撐、認賠或攤平 | C6: 手機 | D6: 473 | E6: 10 | F6: =IFERROR(E6/D6,0) -> 0.021141649
A7: g02_hold_or_cut | B7: G02 被套：撐、認賠或攤平 | C7: 桌機 | D7: 60 | E7: 0 | F7: =IFERROR(E7/D7,0) -> 0
A8: g04_take_profit | B8: G04 賺很多要不要落袋 | C8: 手機 | D8: 811 | E8: 11 | F8: =IFERROR(E8/D8,0) -> 0.013563502
A9: g04_take_profit | B9: G04 賺很多要不要落袋 | C9: 桌機 | D9: 58 | E9: 1 | F9: =IFERROR(E9/D9,0) -> 0.017241379
A10: g01_buy_after_rally | B10: G01 大漲後還能不能追 | C10: 手機 | D10: 3149 | E10: 35 | F10: =IFERROR(E10/D10,0) -> 0.01111464
A11: g01_buy_after_rally | B11: G01 大漲後還能不能追 | C11: 桌機 | D11: 314 | E11: 4 | F11: =IFERROR(E11/D11,0) -> 0.012738854
A12: g06_everyone_talking | B12: G06 身邊都在聊、怕錯過 | C12: 手機 | D12: 4881 | E12: 51 | F12: =IFERROR(E12/D12,0) -> 0.010448679
A13: g06_everyone_talking | B13: G06 身邊都在聊、怕錯過 | C13: 桌機 | D13: 338 | E13: 5 | F13: =IFERROR(E13/D13,0) -> 0.014792899
A15: 合計
C16: 手機 | D16: =SUMIFS(D2:D13,C2:C13,C16) -> 12039 | E16: =SUMIFS(E2:E13,C2:C13,C16) -> 154 | F16: =IFERROR(E16/D16,0) -> 0.01279176
C17: 桌機 | D17: =SUMIFS(D2:D13,C2:C13,C17) -> 909 | E17: =SUMIFS(E2:E13,C2:C13,C17) -> 13 | F17: =IFERROR(E17/D17,0) -> 0.01430143
A19: 資料來源：OpenAI Ads API ad_account/insights（device 分段），2026-10-15 匯出。STOCKVOICE_US_CONTEXT_CLICK_V5，2026-10-13 至 10-15；10-15 為當日資料尚未結算。藍字＝API 匯出原始數字，黑字＝公式。

Sheet 每日
A1: 日期 | B1: 廣告組 | C1: 意圖 | D1: 曝光 | E1: 點擊 | F1: 點擊率
A2: 2026-10-13 | B2: g10_market_panic_or_heat | C2: G10 大盤崩或過熱要不要先走 | D2: 856 | E2: 9 | F2: =IFERROR(E2/D2,0) -> 0.010514019
A3: 2026-10-13 | B3: g01_buy_after_rally | C3: G01 大漲後還能不能追 | D3: 2521 | E3: 28 | F3: =IFERROR(E3/D3,0) -> 0.011106704
A4: 2026-10-14 | B4: g08_before_after_earnings | C4: G08 財報前後要不要進出 | D4: 77 | E4: 1 | F4: =IFERROR(E4/D4,0) -> 0.012987013
A5: 2026-10-14 | B5: g10_market_panic_or_heat | C5: G10 大盤崩或過熱要不要先走 | D5: 38 | E5: 0 | F5: =IFERROR(E5/D5,0) -> 0
A6: 2026-10-14 | B6: g02_hold_or_cut | C6: G02 被套：撐、認賠或攤平 | D6: 480 | E6: 7 | F6: =IFERROR(E6/D6,0) -> 0.014583333
A7: 2026-10-14 | B7: g04_take_profit | C7: G04 賺很多要不要落袋 | D7: 863 | E7: 11 | F7: =IFERROR(E7/D7,0) -> 0.012746234
A8: 2026-10-14 | B8: g01_buy_after_rally | C8: G01 大漲後還能不能追 | D8: 83 | E8: 2 | F8: =IFERROR(E8/D8,0) -> 0.024096386
A9: 2026-10-14 | B9: g06_everyone_talking | C9: G06 身邊都在聊、怕錯過 | D9: 4464 | E9: 42 | F9: =IFERROR(E9/D9,0) -> 0.0094086022
A10: 2026-10-15 | B10: g08_before_after_earnings | C10: G08 財報前後要不要進出 | D10: 1893 | E10: 40 | F10: =IFERROR(E10/D10,0) -> 0.021130481
A11: 2026-10-15 | B11: g02_hold_or_cut | C11: G02 被套：撐、認賠或攤平 | D11: 53 | E11: 3 | F11: =IFERROR(E11/D11,0) -> 0.056603774
A12: 2026-10-15 | B12: g04_take_profit | C12: G04 賺很多要不要落袋 | D12: 6 | E12: 1 | F12: =IFERROR(E12/D12,0) -> 0.16666667
A13: 2026-10-15 | B13: g01_buy_after_rally | C13: G01 大漲後還能不能追 | D13: 859 | E13: 9 | F13: =IFERROR(E13/D13,0) -> 0.010477299
A14: 2026-10-15 | B14: g06_everyone_talking | C14: G06 身邊都在聊、怕錯過 | D14: 755 | E14: 14 | F14: =IFERROR(E14/D14,0) -> 0.018543046
A16: 10-15 為當日資料，尚未結算。
